name,price,url
Диван Слипсон Velvet Milk,59 990,/product/divan-slipson-velvet-milk
Диван Спейс Velvet Olive,66 990,/product/divan-spejs-velvet-olive
Диван Нумо Мини Textile Light,26 990,/product/divan-numo-mini-textile-light
Диван угловой Онте Textile Grafit,129 990,/product/divan-uglovoj-onte-textile-grafit
Диван Клаймар Velvet Terra,59 990,/product/divan-klajmar-velvet-terra
Диван Льери Мини Velvet Yellow,64 990,/product/divan-leri-mini-velvet-yellow
Диван Нумо Velvet Green,38 990,/product/divan-numo-velvet-green
Диван Лилт Bucle Lilac,82 990,/product/divan-lilt-bucle-lilac
Диван Эби Velvet Coral,66 990,/product/divan-ebi-velvet-coral
Диван Виена Velvet Smoke,64 990,/product/divan-viena-time-grey
Модульный диван Риббл-1 Bucle Mint,78 980,/product/modulnyj-divan-ribbl-1-bucle-mint
Диван угловой Аллаум Linia Stone,54 990,/product/divan-uglovoj-allaum-linia-stone
Диван Ларонсо Soft Blue,94 990,/product/divan-laronso-soft-blue
Диван Сваут Velvet Mustard,66 990,/product/divan-svaut-velvet-mustard
Диван Тилар Cozy Milk,31 990,/product/divan-tilar-cozy-milk
Диван Бонс-Т Velvet Emerald,46 990,/product/divan-bons-t-velvet-emerald
Диван Инес Vertical Blue,45 990,/product/divan-ines-vertical-blue
Диван угловой Дарол Velvet Silver,67 990,/product/divan-uglovoj-darol-velvet-silver
Диван угловой Нордика мини Velvet Coral,59 990,/product/divan-uglovoj-nordika-mini-velvet-coral
Диван Бонент Velvet Eclipse,79 990,/product/divan-bonent-velvet-eclipse
Диван угловой Эдвин Velvet Terra,74 990,/product/divan-uglovoj-edvin-velvet-terra
Диван Эби Мини Linia Mint,58 990,/product/divan-abi-mini-linia-mint
Диван Роттердам Velvet Yellow,27 990,/product/divan-rotterdam-velvet-yellow-new
Диван Бруквиль Velvet Blue,53 990,/product/divan-brukvil-velvet-blue
Кушетка Ринт Bucle Beige,21 990,/product/kushetka-rint-bucle-beige
Модульный диван Brera-7 Velour Mix,178 970,/product/modulnyj-divan-brera-7-velour-mix
Диван Слипсон Мини Linia Stone,46 990,/product/divan-slipson-mini-linia-stone
Диван угловой Аронт Мини Velvet Pink,59 990,/product/divan-uglovoj-aront-mini-velvet-pink
Диван угловой Динс Velvet Navy Blue,64 990,/product/divan-uglovoj-dins-velvet-navy-blue-old-10-04-2024
Диван Кейсес Velvet Grey,26 990,/product/divan-kejses-velvet-grey
Диван Линс Velvet Navy Blue,34 990,/product/divan-lins-velvet-navy-blue
Диван Стаус Velvet Caramel,32 990,/product/divan-staus-velvet-caramel
Диван Види Textile Ocean,25 990,/product/divan-vidi-textile-ocean
Диван Виенсо Bucle Sand,79 990,/product/divan-vienso-bucle-sand
Диван Лави Velvet Yellow,42 990,/product/divan-lavi-velvet-yellow
Диван Риен Velvet Smoke,56 990,/product/divan-rien-velvet-smoke
Диван угловой Мисл-1 Barhat Marsala,109 990,/product/divan-uglovoj-misl-1-barhat-marsala
Диван угловой Вильен мини Velvet Terra,62 990,/product/divan-uglovoj-vilen-mini-velvet-terra
Диван Пайпел Bucle Grafit,54 990,/product/divan-pajpel-bucle-grafit
Диван Мейлон Velvet Beige,52 990,/product/divan-mejlon-velvet-beige
Кушетка Кото Cozy Ivory,44 990,/product/kushetka-koto-cozy-ivory
Диван Марей Soft Grey,94 990,/product/divan-marej-soft-grey
Диван Сорен Textile Yellow,69 990,/product/divan-soren-textile-yellow
Диван Лачи Velvet Yellow,34 990,/product/divan-lachi-velvet-yellow
Диван Данста Velvet Light,68 990,/product/divan-dansta-velvet-light
Диван угловой Шера Velvet Olive,109 990,/product/divan-uglovoj-shera-velvet-olive
Диван Викс Textile Grafit,24 990,/product/divan-viks-textile-grafit
Диван Нумо Velvet Grey,38 990,/product/divan-numo-velvet-grey
